notebook_path,last_executed,execution_status
Greenhouse_Data/Twitter/GreenhouseSummon.ipynb,2022-08-06 16:30,FAILURE.
Greenhouse_Data/Random_Fig_Daily/Random_Fig_Daily.ipynb,2022-08-06 16:30,SUCCESS!
Greenhouse_Data/NOAA_Updates/NOAA_Update.ipynb,2022-08-06 16:30,SUCCESS!
BoliGrafica/Twitter/twitter_post.ipynb,2022-08-06 16:33,SUCCESS!
Greenhouse_Data/NOAA_updates/NOAA_updates.ipynb,2022-08-12 17:31,... t'was a SUCCESS! :)
BoliGrafica/_bots/twitter_covid_replies/covid_reply.ipynb,2022-08-13 23:20,... t'was a SUCCESS! :)
Greenhouse_Data/_bots/twitter_country_post/country_of_the_day.ipynb,2022-08-13 23:20,... t'was a FAILURE. :(
Greenhouse_Data/_bots/twitter_greenhouse_summon/greenhouse_summon.ipynb,2022-08-13 23:20,... t'was a SUCCESS! :)
Greenhouse_Data/random_fig/random_fig.ipynb,2022-08-13 23:20,... t'was a SUCCESS! :)
